<customapi uniquename="cat_patternrefreshapi">
  <allowedcustomprocessingsteptype>0</allowedcustomprocessingsteptype>
  <bindingtype>0</bindingtype>
  <description default="Pattern Refresh API">
    <label description="Pattern Refresh API" languagecode="1033" />
  </description>
  <displayname default="Pattern Refresh API">
    <label description="Pattern Refresh API" languagecode="1033" />
  </displayname>
  <iscustomizable>1</iscustomizable>
  <isfunction>0</isfunction>
  <isprivate>0</isprivate>
  <name>cat_patternrefreshapi</name>
  <plugintypeid>
    <plugintypeexportkey>D3EB512E-6727-44E4-8790-86A8F896B669</plugintypeexportkey>
  </plugintypeid>
  <workflowsdkstepenabled>0</workflowsdkstepenabled>
</customapi>