<customapi uniquename="API_SendRepport">
  <allowedcustomprocessingsteptype>0</allowedcustomprocessingsteptype>
  <bindingtype>0</bindingtype>
  <description default="API_SendRepport">
    <label description="API_SendRepport" languagecode="1033" />
  </description>
  <displayname default="API_SendRepport">
    <label description="API_SendRepport" languagecode="1033" />
  </displayname>
  <iscustomizable>1</iscustomizable>
  <isfunction>0</isfunction>
  <isprivate>0</isprivate>
  <name>API_SendRepport</name>
  <plugintypeid>
    <plugintypeexportkey>1ABAF598-D250-4F93-86A8-F9772F57FE9B</plugintypeexportkey>
  </plugintypeid>
  <workflowsdkstepenabled>0</workflowsdkstepenabled>
</customapi>