<customapi uniquename="API_SendRepport">
  <allowedcustomprocessingsteptype>0</allowedcustomprocessingsteptype>
  <bindingtype>0</bindingtype>
  <description default="API_SendRepport">
    <label description="API_SendRepport" languagecode="1033" />
  </description>
  <displayname default="API_SendRepport">
    <label description="API_SendRepport" languagecode="1033" />
  </displayname>
  <iscustomizable>1</iscustomizable>
  <isfunction>0</isfunction>
  <isprivate>0</isprivate>
  <name>API_SendRepport</name>
  <plugintypeid>
    <plugintypeid>1abaf598-d250-4f93-86a8-f9772f57fe9b</plugintypeid>
  </plugintypeid>
  <workflowsdkstepenabled>0</workflowsdkstepenabled>
</customapi>